{"version":1,"index":0,"parentId":"27fe6a83-f111-4319-8937-68dbf34722c0","name":"Default & Text","color":{"r":0.8117647058823529,"b":0.1137254901960784,"g":0.1803921568627451,"a":1}}