{"version":1,"index":1,"parentId":"e72ffb0b-39b6-41fe-90d4-dad7e9546747","name":"Background","color":{"r":0.9098039215686274,"b":0.9921568627450981,"g":0.9568627450980393,"a":1}}