{"index":1,"color":{"r":0.9176470588235294,"b":0.9058823529411765,"g":0.9686274509803922,"a":1},"parentId":"e32c7e30-7c9e-47da-961e-c82f2b819fed","name":"Background","version":1}