{"version":1,"index":1,"parentId":"27fe6a83-f111-4319-8937-68dbf34722c0","name":"Background","color":{"r":0.9803921568627451,"b":0.9098039215686274,"g":0.9176470588235294,"a":1}}