{"color":{"r":0.4818771258503401,"b":0.006340988852236753,"g":0.3059674166474825,"a":1},"index":2,"parentId":"B9434E38-2293-47FF-BE79-FA6785453D63","name":"Text","version":1}