{"index":1,"version":1,"parentId":"65A1BF8C-43D2-4F0A-BDDA-7BB34B16A353","name":"Ryanair Yellow","color":{"r":0.9450980392156862,"b":0.2,"g":0.788235294117647,"a":1}}