{"version":1,"index":0,"parentId":"e72ffb0b-39b6-41fe-90d4-dad7e9546747","name":"Default","color":{"r":0.1254901960784314,"b":0.9215686274509803,"g":0.5686274509803921,"a":1}}