{"index":8,"color":{"r":0.9568627450980393,"b":0.9568627450980393,"g":0.9568627450980393,"a":1},"parentId":"65A1BF8C-43D2-4F0A-BDDA-7BB34B16A353","name":"Background Grey","version":1}