{"index":4,"version":1,"parentId":"65A1BF8C-43D2-4F0A-BDDA-7BB34B16A353","name":"Standard importance element","color":{"r":0.5098039215686274,"b":0.5647058823529412,"g":0.5294117647058824,"a":1}}