{"version":1,"color":{"r":0.8235294117647058,"b":0.8509803921568627,"g":0.8392156862745098,"a":1},"parentId":"65A1BF8C-43D2-4F0A-BDDA-7BB34B16A353","name":"Low-importance element","index":5}