{"color":{"r":0.1137254901960784,"b":0.01176470588235294,"g":0.4666666666666667,"a":1},"version":1,"parentId":"e32c7e30-7c9e-47da-961e-c82f2b819fed","name":"Text","index":2}