{"version":1,"color":{"r":0.8117647058823529,"b":0.1137254901960784,"g":0.1803921568627451,"a":1},"parentId":"65A1BF8C-43D2-4F0A-BDDA-7BB34B16A353","name":"Merchandising Red","index":6}