{"color":{"r":1,"b":0.03529411764705882,"g":0.6431372549019607,"a":1},"index":0,"parentId":"B9434E38-2293-47FF-BE79-FA6785453D63","name":"Default","version":1}