{"index":2,"color":{"r":0.02745098039215686,"b":0.5647058823529412,"g":0.207843137254902,"a":1},"parentId":"e72ffb0b-39b6-41fe-90d4-dad7e9546747","name":"Text","version":1}